"Folder","Contributors"
"use-cases/k8s-jetbrains-repo","Matyas Danter (2), dak1001 (1), jatcod3r (1), Jullian Pepito (1)"
"use-cases/envbox-vscode-repo","dak1001 (5)"
"use-cases/k8s-vscode-repo","Matyas Danter (9), dak1001 (5), jatcod3r (1), Jullian Pepito (1)"
"examples/docker-gateway-lang","Matyas Danter (1)"
"examples/docker-dind/docker-with-docker-network","Matyas Danter (1)"
"examples/docker-dind/docker-with-docker-bridge","Matyas Danter (1)"
"examples/docker-dind/docker-network-mode-host","Matyas Danter (1)"
"examples/aws-linux-ephemeral","Matyas Danter (1)"
"examples/pod-with-jupyter","Matyas Danter (1)"
"examples/aws-rdp-vs-key-secret","Matyas Danter (1)"
"examples/docker-vnc-eclipse","Matyas Danter (1)"
"examples/deployment-go","Matyas Danter (1)"
"examples/pod-share-jupyter","Matyas Danter (1)"
"examples/intellij-web","Matyas Danter (1)"
"examples/code-marketplace-airgap","Asher (1)"
"examples/pod-modules","Matyas Danter (1)"
"examples/code-marketplace","Asher (1), Matyas Danter (1)"
"examples/pod-with-novnc","Matyas Danter (1)"
"examples/pod-jupyterlab-modules","Matyas Danter (1)"
"examples/devcontainer-kubernetes","Matyas Danter (1)"
"examples/envbox","Matyas Danter (1)"
"examples/kubernetes-pod-1","Jullian Pepito (1), Matyas Danter (1)"
"examples/pod-with-ruby","Matyas Danter (1)"
"examples/pod-jfrog-oauth","Matyas Danter (1)"
"examples/pod-pycharm-icon","Matyas Danter (1)"
"examples/pod-idea-vnc","Matyas Danter (1)"
"examples/deployment-code-server","Matyas Danter (1)"
"examples/pod-node","Matyas Danter (1)"
"examples/k8s-multi-container","Matyas Danter (1)"
"examples/pod-share-code-server","Matyas Danter (1)"
"examples/pod-with-code-server","Matyas Danter (1)"
"examples/docker-vs-code-server","Matyas Danter (1)"
"examples/azure-aks-pod","Jullian Pepito (1), Matyas Danter (1)"
"examples/deployment-tabnine","Matyas Danter (1)"
"examples/docker-code-server","Matyas Danter (1)"
"examples/pod-only-code-server","Matyas Danter (1)"
"examples/pod-maybe-code-server","Matyas Danter (1)"
"examples/pod-gateway-ide","Matyas Danter (1)"
"examples/pod-gateway-lang","Matyas Danter (1)"
"examples/metabase","Matyas Danter (1)"
"examples/pod-with-kasm","Matyas Danter (1)"
"examples/docker-intellij-vnc","Matyas Danter (1)"
"examples/docker-dev-container","Matyas Danter (1)"
"examples/pycharm-web","Matyas Danter (1)"
"examples/pod-ruby-gateway","Matyas Danter (1)"
"examples/pod-idea-icon","Matyas Danter (1)"
"examples/pod-service-account","Matyas Danter (1)"
"examples/pod-idea","Matyas Danter (1)"
"examples/docker-with-jupyter","Matyas Danter (1)"
"examples/docker-intellij-gateway","Matyas Danter (1)"
"examples/visual-studio-gcp","Matyas Danter (1)"
"examples/vs-code-server","Roger Chao (2), Matyas Danter (1)"
"examples/pod-rstudio","Matyas Danter (1)"
"examples/docker-kasm-insomnia","Matyas Danter (1)"
"examples/pod-optional-code-server","Matyas Danter (1)"
"examples/pod-with-coder","Matyas Danter (1)"
"examples/pod-pycharm","Matyas Danter (1)"
"examples/pod-with-jupyter-path","Matyas Danter (1)"
